{"cameraMode":{"drawMode":0,"name":"Shaded","section":"Shading Mode"},"sceneLighting":false,"audioPlay":false,"sceneViewState":{"m_AlwaysRefresh":false,"showFog":true,"showSkybox":false,"showFlares":true,"showImageEffects":true,"showParticleSystems":true,"showVisualEffectGraphs":true,"m_FxEnabled":true},"in2DMode":false,"pivot":{"x":0.05470132827758789,"y":0.15369009971618653,"z":-0.15123486518859864},"rotation":{"x":-0.07393757998943329,"y":0.9125811457633972,"z":-0.19051548838615418,"w":-0.35416558384895327},"size":1.7660253047943116,"orthographic":false}